ResponseId,MainBranch,Employment,Country,US_State,UK_Country,EdLevel,Age1stCode,LearnCode,YearsCode,YearsCodePro,DevType,OrgSize,Currency,CompTotal,CompFreq,LanguageHaveWorkedWith,LanguageWantToWorkWith,DatabaseHaveWorkedWith,DatabaseWantToWorkWith,PlatformHaveWorkedWith,PlatformWantToWorkWith,WebframeHaveWorkedWith,WebframeWantToWorkWith,MiscTechHaveWorkedWith,MiscTechWantToWorkWith,ToolsTechHaveWorkedWith,ToolsTechWantToWorkWith,NEWCollabToolsHaveWorkedWith,NEWCollabToolsWantToWorkWith,OpSys,NEWStuck,NEWSOSites,SOVisitFreq,SOAccount,SOPartFreq,SOComm,NEWOtherComms,Age,Gender,Trans,Sexuality,Ethnicity,Accessibility,MentalHealth,SurveyLength,SurveyEase,ConvertedCompYearly,min_lim_age,max_lim_age
1124,I am a developer by profession,Employed full-time,Jordan,,,"Associate degree (A.A., A.S., etc.)",18 - 24 years,Colleague,17,13,"Developer, front-end;Developer, full-stack;Developer, back-end;Database administrator;DevOps specialist;System administrator",10 to 19 employees,JOD	Jordanian dinar,2000.0,Monthly,Bash/Shell;HTML/CSS;JavaScript;Node.js;PHP;SQL;TypeScript,Assembly;Bash/Shell;C;Erlang;Go;Haskell;HTML/CSS;JavaScript;LISP;Node.js;PHP;Rust,Elasticsearch;MariaDB;MySQL;PostgreSQL;Redis,Cassandra;Elasticsearch;MariaDB;MySQL;PostgreSQL;Redis;SQLite,AWS,DigitalOcean,Express;jQuery;Laravel;React.js;Vue.js,Express;FastAPI;Flask;Laravel;React.js,,,Docker;Git,Chef;Deno;Docker;Git;Kubernetes,Sublime Text;Vim;Visual Studio Code,Sublime Text;Vim;Visual Studio Code,Linux-based,Visit Stack Overflow;Go for a walk or other physical activity;Google it;Watch help / tutorial videos;Do other work and come back later;Play games,Stack Overflow;Stack Exchange,Daily or almost daily,Yes,A few times per week,"Yes, definitely",No,25-34 years old,Man,No,Straight / Heterosexual,Middle Eastern,None of the above,None of the above,Appropriate in length,Easy,33852.0,18 , 24 years
1207,I am a developer by profession,"Student, part-time",Jordan,,,"Bachelor’s degree (B.A., B.S., B.Eng., etc.)",11 - 17 years,"Other online resources (ex: videos, blogs, etc);School;Colleague",5,,,,,,,Kotlin,Kotlin,MySQL,MySQL,,,,,Flutter,,Git,Git,Android Studio;IntelliJ;PHPStorm;PyCharm,Android Studio;IntelliJ;PHPStorm;PyCharm,Windows,Visit Stack Overflow;Go for a walk or other physical activity;Google it;Do other work and come back later,Stack Overflow,Daily or almost daily,Yes,Less than once per month or monthly,Neutral,No,18-24 years old,Man,No,Straight / Heterosexual,Middle Eastern,None of the above,None of the above,Appropriate in length,Easy,,11 , 17 years
2758,I am a developer by profession,Employed full-time,Jordan,,,"Bachelor’s degree (B.A., B.S., B.Eng., etc.)",11 - 17 years,Online Forum;Online Courses or Certification,7,4,"Developer, full-stack",100 to 499 employees,JOD	Jordanian dinar,1500.0,Monthly,JavaScript;PHP,JavaScript;PHP,MySQL,MySQL,AWS;DigitalOcean,AWS;DigitalOcean,jQuery;Laravel,jQuery;Laravel;Vue.js,,,Git,Git,Android Studio;PHPStorm,Android Studio;PHPStorm,Linux-based,Call a coworker or friend;Visit Stack Overflow;Google it;Watch help / tutorial videos,Stack Overflow;Stack Exchange,Daily or almost daily,Yes,A few times per week,"Yes, somewhat",No,25-34 years old,Man,No,Straight / Heterosexual,Middle Eastern,None of the above,None of the above,Appropriate in length,Neither easy nor difficult,25392.0,11 , 17 years
3110,I am a developer by profession,"Not employed, but looking for work",Jordan,,,"Bachelor’s degree (B.A., B.S., B.Eng., etc.)",18 - 24 years,Coding Bootcamp;Online Courses or Certification;Colleague,6,,,,,,,JavaScript;Node.js,JavaScript;Node.js,MongoDB;MySQL;SQLite,Firebase;MongoDB;MySQL,Heroku,AWS;Heroku;Microsoft Azure,Angular;Express;React.js,Angular;Express;React.js,React Native,React Native,Git,Git,Android Studio;Sublime Text;Visual Studio Code,Android Studio;Sublime Text;Visual Studio Code,Windows,Visit Stack Overflow;Google it,Stack Overflow,A few times per week,Yes,Less than once per month or monthly,"Yes, definitely",No,25-34 years old,Man,No,Bisexual,White or of European descent,None of the above,None of the above,Appropriate in length,Neither easy nor difficult,,18 , 24 years
3124,I am a developer by profession,Employed full-time,Jordan,,,"Bachelor’s degree (B.A., B.S., B.Eng., etc.)",5 - 10 years,School;Colleague,10,,"Developer, mobile;Academic researcher",10 to 19 employees,JOD	Jordanian dinar,,Monthly,Objective-C;Swift,Objective-C;Swift,SQLite,SQLite,AWS,AWS,,,,,Git,Git,Visual Studio;Xcode,Visual Studio;Xcode,MacOS,Visit Stack Overflow;Google it,Stack Overflow;Stack Exchange;Stack Overflow for Teams (private knowledge sharing & collaboration platform for companies),Multiple times per day,Yes,Daily or almost daily,"Yes, definitely",Yes,25-34 years old,Man,No,,Middle Eastern,,,Too long,Neither easy nor difficult,,5 , 10 years
3554,I code primarily as a hobby,"Not employed, but looking for work",Jordan,,,"Master’s degree (M.A., M.S., M.Eng., MBA, etc.)",11 - 17 years,"Other online resources (ex: videos, blogs, etc);School",,,"Developer, mobile;Developer, front-end;Developer, full-stack;Student",,,,,Assembly;Bash/Shell;C;C++;Go;Java;Node.js;PHP;PowerShell;Python;Ruby;Rust;SQL,,Firebase;MariaDB;Microsoft SQL Server;MySQL;Oracle;PostgreSQL;SQLite,,Google Cloud Platform;IBM Cloud or Watson;Microsoft Azure,AWS;DigitalOcean,React.js,Ruby on Rails,NumPy;Qt,Qt,Docker;Git;Puppet;Yarn,Ansible,Android Studio;Sublime Text;Visual Studio Code,Android Studio;Sublime Text;Visual Studio Code,Windows,Visit Stack Overflow;Go for a walk or other physical activity;Google it;Play games;Panic,Stack Overflow,Multiple times per day,Yes,A few times per month or weekly,"Yes, somewhat",No,18-24 years old,Man,No,Straight / Heterosexual,Middle Eastern,None of the above,None of the above,Appropriate in length,Easy,,11 , 17 years
3785,I am a developer by profession,Employed full-time,Jordan,,,"Bachelor’s degree (B.A., B.S., B.Eng., etc.)",11 - 17 years,Friend or family member,12,10,DevOps specialist,"10,000 or more employees",JOD	Jordanian dinar,48000.0,Yearly,HTML/CSS;Java;JavaScript;Kotlin;Node.js;TypeScript,HTML/CSS;JavaScript;Kotlin;Node.js;TypeScript,PostgreSQL,,AWS,AWS,React.js;Spring,React.js;Spring,,,Docker;Git;Terraform,Docker;Git;Kubernetes;Terraform,IntelliJ;Visual Studio;Visual Studio Code,IntelliJ;Visual Studio;Visual Studio Code,MacOS,Go for a walk or other physical activity;Google it;Do other work and come back later;Play games,Stack Overflow,Multiple times per day,Yes,A few times per month or weekly,"Yes, definitely",No,25-34 years old,Man,No,Straight / Heterosexual,Middle Eastern,None of the above,None of the above,Appropriate in length,Easy,67701.0,11 , 17 years
5953,I am a developer by profession,Employed full-time,Jordan,,,"Bachelor’s degree (B.A., B.S., B.Eng., etc.)",11 - 17 years,School,12,7,"Developer, mobile",20 to 99 employees,JOD	Jordanian dinar,1500.0,Monthly,HTML/CSS;Java;JavaScript;Kotlin;Python;Swift,Java;Kotlin;Python;Swift,,,,,Flask,Flask,,,Git,Git,Android Studio;Eclipse;Visual Studio Code;Xcode,Android Studio;Eclipse;Visual Studio Code;Xcode,MacOS,Visit Stack Overflow;Google it;Watch help / tutorial videos,Stack Overflow;Stack Exchange,Daily or almost daily,Yes,I have never participated in Q&A on Stack Overflow,"No, not really",No,25-34 years old,Man,No,Straight / Heterosexual,Middle Eastern,None of the above,None of the above,Appropriate in length,Easy,25392.0,11 , 17 years
6664,I am a developer by profession,Employed full-time,Jordan,,,"Bachelor’s degree (B.A., B.S., B.Eng., etc.)",18 - 24 years,"Other online resources (ex: videos, blogs, etc);Online Courses or Certification;Colleague;Books / Physical media",14,12,"Developer, desktop or enterprise applications;Developer, full-stack",500 to 999 employees,JOD	Jordanian dinar,2500.0,Monthly,C#;JavaScript;SQL,C#;JavaScript;SQL,Microsoft SQL Server;MongoDB,Microsoft SQL Server;MongoDB,Microsoft Azure,AWS;Microsoft Azure,Angular.js;ASP.NET;jQuery;React.js,Angular.js;ASP.NET;ASP.NET Core ;jQuery;React.js;Vue.js,.NET Framework,.NET Framework;.NET Core / .NET 5;React Native,Git;Unity 3D;Xamarin,Docker;Git;Kubernetes;Xamarin,Android Studio;Notepad++;Visual Studio;Visual Studio Code,Android Studio;Notepad++;Visual Studio;Visual Studio Code,Windows,Call a coworker or friend;Visit Stack Overflow;Google it;Watch help / tutorial videos;Do other work and come back later,Stack Overflow;Stack Exchange,A few times per week,Yes,I have never participated in Q&A on Stack Overflow,"Yes, definitely",No,35-44 years old,Man,No,Straight / Heterosexual,Middle Eastern,None of the above,None of the above,Appropriate in length,Easy,42312.0,18 , 24 years
9084,I am a developer by profession,Employed full-time,Jordan,,,"Bachelor’s degree (B.A., B.S., B.Eng., etc.)",5 - 10 years,Friend or family member;Books / Physical media,11,7,"Developer, mobile;Developer, back-end;Academic researcher;DevOps specialist","10,000 or more employees",JOD	Jordanian dinar,,,Bash/Shell;C#;HTML/CSS;JavaScript;Node.js;Objective-C;PowerShell;Python;Swift,Assembly;Bash/Shell;C;HTML/CSS;JavaScript;Node.js;Objective-C;PowerShell;Python;Swift;TypeScript,Elasticsearch;Microsoft SQL Server;MongoDB;Redis,Elasticsearch;MongoDB;Redis,DigitalOcean;Microsoft Azure,DigitalOcean;Microsoft Azure,Express;Flask;Vue.js,ASP.NET Core ;Express;Flask;Vue.js,.NET Core / .NET 5,.NET Core / .NET 5,Deno;Docker;Git;Kubernetes,Deno;Docker;Git;Kubernetes;Terraform,Vim;Visual Studio;Visual Studio Code;Xcode,PyCharm;Vim;Visual Studio;Visual Studio Code;Xcode,MacOS,Visit Stack Overflow;Google it;Do other work and come back later;Meditate;Panic,Stack Overflow;Stack Exchange,A few times per week,Yes,A few times per month or weekly,"Yes, definitely",No,25-34 years old,Man,No,Prefer not to say,Multiracial;Hispanic or Latino/a/x;Middle Eastern,None of the above,None of the above,Appropriate in length,Easy,,5 , 10 years
11481,I am a developer by profession,Employed full-time,Jordan,,,"Bachelor’s degree (B.A., B.S., B.Eng., etc.)",18 - 24 years,"Other online resources (ex: videos, blogs, etc);Colleague",12,7,"Developer, mobile;Developer, front-end;Developer, desktop or enterprise applications;Developer, full-stack;Developer, back-end;Developer, embedded applications or devices",100 to 499 employees,JOD	Jordanian dinar,,Monthly,C#;JavaScript;Node.js;SQL;TypeScript,C#;Node.js;SQL;TypeScript,Microsoft SQL Server;MongoDB;Oracle;Redis,Microsoft SQL Server;MongoDB;Oracle;Redis,Microsoft Azure,Microsoft Azure,Angular;ASP.NET Core ;jQuery,Angular;ASP.NET Core ;jQuery,.NET Framework;.NET Core / .NET 5;Cordova;React Native,.NET Core / .NET 5;React Native,Git,Git,Android Studio;Visual Studio;Visual Studio Code;Xcode,Android Studio;Visual Studio;Visual Studio Code;Xcode,MacOS,Call a coworker or friend;Visit Stack Overflow;Google it;Do other work and come back later,Stack Overflow;Stack Exchange,Daily or almost daily,Yes,Less than once per month or monthly,"Yes, definitely",No,25-34 years old,Man,No,Prefer not to say,,None of the above,None of the above,Appropriate in length,Neither easy nor difficult,,18 , 24 years
12561,I am a developer by profession,Employed full-time,Jordan,,,"Bachelor’s degree (B.A., B.S., B.Eng., etc.)",11 - 17 years,"Coding Bootcamp;Other online resources (ex: videos, blogs, etc);Books / Physical media",6,3,"Developer, front-end;Developer, full-stack;Developer, back-end",2 to 9 employees,JOD	Jordanian dinar,1500.0,Monthly,C#;C++;JavaScript;Node.js;SQL;TypeScript,C++;Rust;TypeScript,DynamoDB;Microsoft SQL Server;MongoDB;PostgreSQL,Microsoft SQL Server;PostgreSQL,DigitalOcean;Microsoft Azure,DigitalOcean;Microsoft Azure,ASP.NET Core ;Express;Gatsby;React.js,ASP.NET Core ;FastAPI,.NET Core / .NET 5;Keras;NumPy;React Native;TensorFlow,,Docker;Git,Deno;Docker;Git;Kubernetes,IntelliJ;Notepad++;PyCharm;RStudio;Sublime Text;Vim;Visual Studio;Visual Studio Code;Webstorm;Xcode,Visual Studio Code,MacOS,Visit Stack Overflow;Go for a walk or other physical activity,Stack Overflow,Multiple times per day,Yes,A few times per month or weekly,"Yes, somewhat",Yes,18-24 years old,Man,No,Straight / Heterosexual,Middle Eastern,None of the above,None of the above,Appropriate in length,Easy,25392.0,11 , 17 years
12826,I code primarily as a hobby,"Student, full-time",Jordan,,,Some college/university study without earning a degree,11 - 17 years,Books / Physical media,2,,,,,,,Go;Java;LISP;Python,LISP;Rust,,,,,,,,,Docker;Git,Docker;Git;Kubernetes,Emacs;Neovim;Vim;Visual Studio Code,Emacs;Neovim,Linux-based,Go for a walk or other physical activity;Google it;Do other work and come back later;Panic,Stack Overflow,A few times per week,Yes,I have never participated in Q&A on Stack Overflow,Neutral,No,,,,,,,,,,,11 , 17 years
14648,I am a developer by profession,Employed full-time,Jordan,,,Primary/elementary school,11 - 17 years,"Other online resources (ex: videos, blogs, etc);Online Forum;Online Courses or Certification",2,Less than 1 year,"Developer, full-stack","Just me - I am a freelancer, sole proprietor, etc.",JOD	Jordanian dinar,300.0,Monthly,C#;Dart;Java,Dart,Firebase;MySQL,Firebase,Google Cloud Platform,Google Cloud Platform,,,Flutter,Flutter,Git;Unity 3D,Git;Unity 3D,Android Studio;Eclipse;IntelliJ;Notepad++;Vim;Visual Studio;Visual Studio Code,Android Studio;Visual Studio,Windows,Visit Stack Overflow;Google it;Watch help / tutorial videos;Visit another developer community (please name):;Other (please specify):,Stack Overflow,Multiple times per day,Yes,I have never participated in Q&A on Stack Overflow,Neutral,Yes,Under 18 years old,Man,No,,Middle Eastern,,,Too long,Difficult,5076.0,11 , 17 years
15927,I am a developer by profession,Employed full-time,Jordan,,,Something else,18 - 24 years,Coding Bootcamp,1,Less than 1 year,"Developer, full-stack",2 to 9 employees,USD	United States dollar,,Monthly,C#;C++;HTML/CSS;JavaScript;Node.js;Python;SQL,C#;C++;HTML/CSS;JavaScript;Node.js;SQL,MongoDB;MySQL,MySQL,Heroku,AWS,Angular;Angular.js;Django;Express;jQuery;React.js,Angular;ASP.NET;ASP.NET Core ;Express;React.js,,,Git,Git,Visual Studio Code,Visual Studio Code,Windows,Visit Stack Overflow;Google it;Watch help / tutorial videos;Do other work and come back later,Stack Overflow,Daily or almost daily,Yes,I have never participated in Q&A on Stack Overflow,Neutral,No,18-24 years old,Woman,No,Prefer not to say,Middle Eastern,None of the above,,Too long,Neither easy nor difficult,,18 , 24 years
16585,I am a developer by profession,"Not employed, but looking for work",Jordan,,,"Master’s degree (M.A., M.S., M.Eng., MBA, etc.)",5 - 10 years,"Other online resources (ex: videos, blogs, etc);Online Forum;Online Courses or Certification;Books / Physical media",,,"Developer, desktop or enterprise applications;Developer, full-stack;Data scientist or machine learning specialist;Developer, back-end;Student",,,,,C;C#;C++;HTML/CSS;Java;JavaScript;Matlab;Node.js;Python,,MySQL;PostgreSQL;SQLite,,Heroku,,ASP.NET;ASP.NET Core ;Express;jQuery,,.NET Framework;.NET Core / .NET 5;NumPy,,Git,Docker;Git,IPython/Jupyter;Notepad++;Sublime Text;Vim;Visual Studio;Visual Studio Code,Sublime Text,Windows,Visit Stack Overflow;Google it,Stack Overflow;Stack Exchange,A few times per week,Yes,A few times per week,"Yes, definitely",Yes,25-34 years old,Man,No,Straight / Heterosexual,White or of European descent;Middle Eastern,None of the above,None of the above,Appropriate in length,Neither easy nor difficult,,5 , 10 years
16607,I am a developer by profession,Employed full-time,Jordan,,,"Secondary school (e.g. American high school, German Realschule or Gymnasium, etc.)",11 - 17 years,"Coding Bootcamp;Other online resources (ex: videos, blogs, etc);Friend or family member;Online Courses or Certification;Colleague;Books / Physical media",5,5,"Developer, front-end;Developer, full-stack;Developer, back-end;Database administrator;DevOps specialist",10 to 19 employees,JOD	Jordanian dinar,1000.0,Monthly,HTML/CSS;JavaScript;PHP;SQL,HTML/CSS;JavaScript;PHP;SQL;Swift;TypeScript,Elasticsearch;Firebase;MariaDB;MongoDB;MySQL;PostgreSQL;Redis;SQLite,Cassandra;Elasticsearch;Firebase;MariaDB;Microsoft SQL Server;MongoDB;MySQL;PostgreSQL;Redis;SQLite,AWS;DigitalOcean;Microsoft Azure,AWS;DigitalOcean;Google Cloud Platform;Microsoft Azure,jQuery;Laravel;React.js;Vue.js,Angular.js;Flask;Laravel;React.js;Vue.js,Flutter;React Native,React Native,Docker;Git,Docker;Git;Kubernetes,PHPStorm;Vim;Visual Studio Code;Webstorm,PHPStorm;Vim;Visual Studio Code;Webstorm;Xcode,Windows,Visit Stack Overflow;Google it;Do other work and come back later;Panic,Stack Overflow;Stack Exchange,A few times per week,Yes,Less than once per month or monthly,"Yes, somewhat",No,18-24 years old,Man,"Or, in your own words:",Prefer to self-describe:,Middle Eastern,None of the above,None of the above,Too long,Easy,16920.0,11 , 17 years
17354,I am a student who is learning to code,"Student, part-time",Jordan,,,Primary/elementary school,11 - 17 years,Online Courses or Certification,Less than 1 year,,,,,,,C;HTML/CSS;JavaScript;Python;SQL,Dart;HTML/CSS;JavaScript;Python;SQL,MySQL;SQLite,,,,Flask;jQuery,Django;jQuery;React.js,,,Git,Git,Atom;Notepad++;Sublime Text;Visual Studio Code,Visual Studio Code,Windows,Visit Stack Overflow;Google it;Watch help / tutorial videos;Do other work and come back later,Stack Overflow;Stack Exchange,Daily or almost daily,Yes,I have never participated in Q&A on Stack Overflow,"Yes, somewhat",Yes,Under 18 years old,Man,No,Straight / Heterosexual,Middle Eastern,None of the above,None of the above,Appropriate in length,Neither easy nor difficult,,11 , 17 years
19710,I am a developer by profession,Employed full-time,Jordan,,,"Bachelor’s degree (B.A., B.S., B.Eng., etc.)",11 - 17 years,"Other online resources (ex: videos, blogs, etc);Online Courses or Certification;Colleague;Books / Physical media",6,5,"Developer, mobile;Developer, full-stack",20 to 99 employees,USD	United States dollar,2900.0,Monthly,HTML/CSS;JavaScript;Node.js;SQL,HTML/CSS;JavaScript;Node.js;SQL;TypeScript,Firebase;MongoDB;MySQL;Redis,MySQL;Redis,AWS;Google Cloud Platform,,Angular.js;Express;jQuery;Vue.js,Angular.js;Vue.js,Cordova,Cordova,Docker;Git;Yarn,Git;Yarn,IntelliJ,IntelliJ,Linux-based,Go for a walk or other physical activity;Google it;Other (please specify):,Stack Overflow;Stack Exchange,Daily or almost daily,Yes,Less than once per month or monthly,"Yes, somewhat",Yes,25-34 years old,Man,No,Straight / Heterosexual,Middle Eastern,None of the above,"I have a mood or emotional disorder (e.g. depression, bipolar disorder);I have an anxiety disorder;Or, in your own words:",Appropriate in length,Easy,34800.0,11 , 17 years
20365,I code primarily as a hobby,"Not employed, but looking for work",Jordan,,,Primary/elementary school,5 - 10 years,"Coding Bootcamp;Other online resources (ex: videos, blogs, etc);Online Forum;Online Courses or Certification",4,,,,,,,C;C#;C++,Assembly;Bash/Shell;Python,,,,,,,.NET Framework,,Unity 3D;Unreal Engine,,Visual Studio;Visual Studio Code,,Windows,Visit Stack Overflow;Google it;Watch help / tutorial videos;Meditate;Visit another developer community (please name):,Stack Overflow;Stack Exchange,Daily or almost daily,Yes,I have never participated in Q&A on Stack Overflow,Neutral,No,Under 18 years old,Man,,,Middle Eastern,None of the above,None of the above,Appropriate in length,Easy,,5 , 10 years
20440,I am a developer by profession,Employed full-time,Jordan,,,"Bachelor’s degree (B.A., B.S., B.Eng., etc.)",11 - 17 years,"Other online resources (ex: videos, blogs, etc);School;Online Forum;Online Courses or Certification",5,2,"Developer, full-stack;Developer, back-end",20 to 99 employees,JOD	Jordanian dinar,1000.0,Monthly,C#;HTML/CSS;JavaScript;Python;TypeScript,C#;Java;Node.js;Python;TypeScript,DynamoDB;Elasticsearch;PostgreSQL,Elasticsearch;PostgreSQL;Redis,AWS;Microsoft Azure,AWS;DigitalOcean;Microsoft Azure,Angular;ASP.NET Core ;Django,Angular;ASP.NET Core ;Django;Vue.js,.NET Core / .NET 5,.NET Core / .NET 5;Apache Spark;NumPy;Pandas,Docker;Git,Deno;Docker;Git;Terraform,Visual Studio;Webstorm,Notepad++;PyCharm;Rider,Linux-based,Google it,Stack Overflow;Stack Exchange,Multiple times per day,Yes,Less than once per month or monthly,"Yes, definitely",Yes,18-24 years old,Man,No,Straight / Heterosexual,Middle Eastern,None of the above,I have a concentration and/or memory disorder (e.g. ADHD),Appropriate in length,Easy,16920.0,11 , 17 years
20563,I am a developer by profession,Employed full-time,Jordan,,,"Bachelor’s degree (B.A., B.S., B.Eng., etc.)",11 - 17 years,"Other online resources (ex: videos, blogs, etc);School;Online Forum;Colleague;Books / Physical media",13,8,"Developer, mobile;Developer, front-end;Developer, back-end",100 to 499 employees,JOD	Jordanian dinar,1850.0,Monthly,Java;Kotlin;Scala;TypeScript,Dart;Java;Kotlin;Node.js;Python;Scala;TypeScript,Elasticsearch;Microsoft SQL Server;MongoDB;MySQL;Oracle;PostgreSQL,Elasticsearch;MongoDB;MySQL;Oracle;PostgreSQL;Redis,AWS,AWS;Google Cloud Platform;Heroku,,,,,Docker;Git,Docker;Git;Kubernetes,IntelliJ;Rider;Visual Studio Code;Webstorm,IntelliJ;PyCharm;Rider;Visual Studio Code;Webstorm,MacOS,Call a coworker or friend;Visit Stack Overflow;Google it;Play games,Stack Overflow;Stack Exchange;Stack Overflow for Teams (private knowledge sharing & collaboration platform for companies),Daily or almost daily,Yes,Less than once per month or monthly,Neutral,No,25-34 years old,Man,No,Straight / Heterosexual,Middle Eastern,None of the above,None of the above,Too short,Easy,31308.0,11 , 17 years
20965,I am a developer by profession,Employed full-time,Jordan,,,"Bachelor’s degree (B.A., B.S., B.Eng., etc.)",Younger than 5 years,"Coding Bootcamp;Other online resources (ex: videos, blogs, etc);Online Courses or Certification",4,1,"Developer, full-stack","10,000 or more employees",JOD	Jordanian dinar,,Monthly,HTML/CSS;Java;JavaScript;Node.js;TypeScript,Java;JavaScript;Node.js;TypeScript,Cassandra;DynamoDB;MariaDB;MongoDB;MySQL;PostgreSQL,DynamoDB;MongoDB;MySQL;PostgreSQL,AWS,AWS;Microsoft Azure,Angular;Express;React.js;Spring,Angular;Express;React.js;Spring,Flutter,,Docker;Git;Kubernetes;Yarn,Docker;Git;Kubernetes;Yarn,IntelliJ;Visual Studio Code,IntelliJ;Visual Studio Code,MacOS,Call a coworker or friend;Visit Stack Overflow;Google it,Stack Overflow;Stack Exchange;Stack Overflow for Teams (private knowledge sharing & collaboration platform for companies),Multiple times per day,Not sure/can't remember,,Neutral,No,18-24 years old,Man,No,Prefer not to say,Middle Eastern,None of the above,None of the above,Appropriate in length,Easy,,Younger than 5 years,
23090,I am a developer by profession,"Independent contractor, freelancer, or self-employed",Jordan,,,"Bachelor’s degree (B.A., B.S., B.Eng., etc.)",11 - 17 years,"Other online resources (ex: videos, blogs, etc);Online Forum;Friend or family member;Colleague",10,6,"Developer, mobile;Developer, front-end;Developer, full-stack;Developer, back-end",2 to 9 employees,USD	United States dollar,30000.0,Yearly,Bash/Shell;Dart;HTML/CSS;JavaScript;PHP;PowerShell;SQL;TypeScript,Bash/Shell;Dart;HTML/CSS;JavaScript;Kotlin;PHP;PowerShell;SQL;Swift;TypeScript,MariaDB;MySQL;PostgreSQL;Redis;SQLite,MariaDB;MySQL;SQLite,,,Angular;jQuery;Laravel;Spring,Angular;jQuery;Laravel,Flutter,Flutter,Git;Yarn,Git,Android Studio;IntelliJ;Vim;Visual Studio,Android Studio;IntelliJ;Vim,Linux-based,Call a coworker or friend;Google it;Visit another developer community (please name):,Stack Overflow;Stack Exchange,Daily or almost daily,Yes,I have never participated in Q&A on Stack Overflow,"Yes, definitely",Yes,25-34 years old,Man,No,,Middle Eastern,None of the above,None of the above,Appropriate in length,Easy,30000.0,11 , 17 years
23106,I code primarily as a hobby,"Student, full-time",Jordan,,,"Secondary school (e.g. American high school, German Realschule or Gymnasium, etc.)",5 - 10 years,"Other online resources (ex: videos, blogs, etc)",2,,,,,,,C#;Rust,Assembly;C;C#;Go;Rust,,,,,Flask,,.NET Framework;.NET Core / .NET 5,.NET Core / .NET 5,Git,Deno;Git,IntelliJ;Rider;Visual Studio;Visual Studio Code,IntelliJ;Visual Studio;Visual Studio Code,Windows,Visit Stack Overflow;Google it;Play games,Stack Overflow;Stack Exchange,Daily or almost daily,Yes,Less than once per month or monthly,"No, not at all",No,Under 18 years old,Man,No,Straight / Heterosexual,Middle Eastern,None of the above,None of the above,Too long,Easy,,5 , 10 years
25667,I am a developer by profession,Employed full-time,Jordan,,,"Bachelor’s degree (B.A., B.S., B.Eng., etc.)",18 - 24 years,Online Courses or Certification;Colleague,12,9,"Developer, full-stack;Educator",20 to 99 employees,JOD	Jordanian dinar,,Monthly,C#;HTML/CSS;JavaScript;Node.js;SQL;TypeScript,C#;Dart;HTML/CSS;JavaScript;Node.js;R;TypeScript,Microsoft SQL Server,Microsoft SQL Server;MongoDB;PostgreSQL,AWS,AWS;Heroku,Angular;ASP.NET;ASP.NET Core ;Express;jQuery,ASP.NET Core ;Express;jQuery;React.js,.NET Framework;.NET Core / .NET 5,.NET Core / .NET 5;Flutter,Git;Unity 3D,Docker;Git,Notepad++;Visual Studio;Visual Studio Code,Notepad++;Vim;Visual Studio;Visual Studio Code,Windows,Visit Stack Overflow;Google it;Watch help / tutorial videos;Do other work and come back later;Play games,Stack Overflow,Multiple times per day,Yes,Multiple times per day,"Yes, somewhat",Yes,25-34 years old,Man,No,Straight / Heterosexual,Middle Eastern,None of the above,None of the above,Too long,Easy,,18 , 24 years
28485,I am a developer by profession,Employed full-time,Jordan,,,"Bachelor’s degree (B.A., B.S., B.Eng., etc.)",18 - 24 years,Other (please specify):;Colleague,15,15,"Developer, mobile;Developer, desktop or enterprise applications;Developer, full-stack;Developer, back-end;Database administrator;Data or business analyst",10 to 19 employees,JOD	Jordanian dinar,,,Delphi;SQL,Delphi;SQL,Microsoft SQL Server,Microsoft SQL Server,,,,,Flutter,,,,,,Windows,Visit Stack Overflow;Google it;Watch help / tutorial videos,Stack Overflow,A few times per month or weekly,Yes,I have never participated in Q&A on Stack Overflow,"No, not really",No,35-44 years old,Man,No,,Middle Eastern,None of the above,None of the above,Appropriate in length,Easy,,18 , 24 years
29362,I am a developer by profession,Employed full-time,Jordan,,,"Bachelor’s degree (B.A., B.S., B.Eng., etc.)",11 - 17 years,Other (please specify):,12,3,"Developer, full-stack",100 to 499 employees,SAR	Saudi Arabian riyal,13000.0,Monthly,HTML/CSS;Java;JavaScript;PHP,Dart;HTML/CSS;Java;JavaScript;PHP,,,DigitalOcean,AWS;DigitalOcean;Microsoft Azure,Angular;jQuery;Laravel;Spring,Angular;jQuery;Laravel;Spring;Vue.js,,,Docker;Git,Docker;Git;Kubernetes,Android Studio;PHPStorm,Android Studio;PHPStorm,Windows,Google it;Do other work and come back later,I have never visited Stack Overflow or the Stack Exchange network,,,,,No,25-34 years old,Man,,,Middle Eastern,,,Appropriate in length,Neither easy nor difficult,41592.0,11 , 17 years
29749,I am a developer by profession,"Independent contractor, freelancer, or self-employed",Jordan,,,"Master’s degree (M.A., M.S., M.Eng., MBA, etc.)",18 - 24 years,School,20,10,"Developer, full-stack",10 to 19 employees,JOD	Jordanian dinar,560.0,Monthly,JavaScript;Node.js;SQL;TypeScript,JavaScript;Node.js;SQL;TypeScript,Firebase;MongoDB;MySQL;Oracle;PostgreSQL,Firebase;MongoDB;MySQL;PostgreSQL,Google Cloud Platform;Heroku,Google Cloud Platform;Heroku,Express;React.js,Express;React.js,,,Git,Git,Visual Studio Code,Visual Studio Code,Windows,Google it,Stack Overflow,Daily or almost daily,Not sure/can't remember,,Neutral,No,45-54 years old,Man,No,Straight / Heterosexual,Middle Eastern,None of the above,None of the above,Appropriate in length,Easy,9480.0,18 , 24 years
34520,I code primarily as a hobby,I prefer not to say,Jordan,,,"Associate degree (A.A., A.S., etc.)",18 - 24 years,Friend or family member,17,,,,,,,APL;SQL,,Cassandra;IBM DB2,,IBM Cloud or Watson,,Angular,,.NET Framework,,Ansible,,Android Studio,Android Studio,Windows Subsystem for Linux (WSL),Call a coworker or friend,Stack Exchange,Daily or almost daily,Yes,A few times per week,"Yes, definitely",Yes,,Woman,No,,"Or, in your own words:",None of the above,,Appropriate in length,Neither easy nor difficult,,18 , 24 years
35348,I am a developer by profession,Employed full-time,Jordan,,,"Bachelor’s degree (B.A., B.S., B.Eng., etc.)",5 - 10 years,School;Friend or family member;Online Courses or Certification;Books / Physical media,11,7,"Developer, desktop or enterprise applications;Developer, back-end",2 to 9 employees,JOD	Jordanian dinar,,Monthly,C++;JavaScript;PHP;SQL,JavaScript;PHP;SQL,Oracle,Oracle,Oracle Cloud Infrastructure,Oracle Cloud Infrastructure,Laravel;Vue.js,,,,Git,Git,Visual Studio Code,Visual Studio Code,Windows,Google it;Watch help / tutorial videos,Stack Overflow;Stack Exchange,A few times per month or weekly,Yes,Less than once per month or monthly,Neutral,No,25-34 years old,Man,No,Straight / Heterosexual,Middle Eastern,None of the above,None of the above,Appropriate in length,Easy,,5 , 10 years
35742,I am a developer by profession,Employed full-time,Jordan,,,"Master’s degree (M.A., M.S., M.Eng., MBA, etc.)",18 - 24 years,"Other online resources (ex: videos, blogs, etc);Online Forum;Online Courses or Certification",3,3,"Developer, mobile;Developer, front-end;Data or business analyst;Product manager",2 to 9 employees,JOD	Jordanian dinar,4000.0,Monthly,Dart;HTML/CSS,Dart;HTML/CSS;JavaScript;Node.js,Firebase;MySQL,Firebase,DigitalOcean;Google Cloud Platform,Google Cloud Platform,,,Flutter,Flutter,Git,Git,Android Studio;Visual Studio Code,Visual Studio Code,MacOS,Call a coworker or friend;Visit Stack Overflow;Google it;Watch help / tutorial videos;Do other work and come back later,Stack Overflow,A few times per week,Yes,A few times per month or weekly,"Yes, somewhat",No,25-34 years old,Man,No,Straight / Heterosexual,Middle Eastern,None of the above,I have an anxiety disorder,Appropriate in length,Easy,67704.0,18 , 24 years
37244,I am a developer by profession,Employed full-time,Jordan,,,"Bachelor’s degree (B.A., B.S., B.Eng., etc.)",11 - 17 years,"Other online resources (ex: videos, blogs, etc);School;Online Forum;Books / Physical media",16,11,"Developer, back-end",20 to 99 employees,JOD	Jordanian dinar,2700.0,Monthly,Go;Java;Python;SQL,C++;Java;Python,DynamoDB;Elasticsearch;PostgreSQL;Redis,DynamoDB;Elasticsearch;PostgreSQL;Redis,AWS,AWS,,,,,Git;Terraform,Git,IntelliJ;IPython/Jupyter;PyCharm;Visual Studio,IntelliJ;IPython/Jupyter;PyCharm;Visual Studio,Linux-based,,Stack Overflow;Stack Exchange,A few times per week,Yes,Less than once per month or monthly,Neutral,No,25-34 years old,Man,No,Straight / Heterosexual,Middle Eastern,None of the above,I have an anxiety disorder,Appropriate in length,,45696.0,11 , 17 years
38242,I code primarily as a hobby,"Independent contractor, freelancer, or self-employed",Jordan,,,"Bachelor’s degree (B.A., B.S., B.Eng., etc.)",18 - 24 years,"Other online resources (ex: videos, blogs, etc);Online Forum;Online Courses or Certification",5,,"Developer, mobile",,,,,Java,Java;PHP;Python;Swift,Firebase;MySQL;Oracle;SQLite,MySQL,Microsoft Azure,Google Cloud Platform;Microsoft Azure,Laravel,Laravel,Flutter,,Unity 3D,Unity 3D,Eclipse;IntelliJ;NetBeans;Notepad++;PyCharm;Sublime Text,NetBeans;Notepad++;PyCharm;Sublime Text,Windows,Visit Stack Overflow;Google it;Watch help / tutorial videos,Stack Overflow,Multiple times per day,Yes,Less than once per month or monthly,Neutral,No,25-34 years old,Man,,,Middle Eastern,None of the above,None of the above,Too short,Easy,,18 , 24 years
39654,I am a developer by profession,Employed full-time,Jordan,,,"Bachelor’s degree (B.A., B.S., B.Eng., etc.)",35 - 44 years,"Other online resources (ex: videos, blogs, etc);Colleague;Books / Physical media",14,12,"Developer, full-stack",2 to 9 employees,JOD	Jordanian dinar,1800.0,Monthly,HTML/CSS;JavaScript;Node.js;PHP;SQL,Python,Elasticsearch;MariaDB;MongoDB;MySQL,Redis,AWS;DigitalOcean;Google Cloud Platform;Microsoft Azure,Heroku,jQuery;Vue.js,Laravel;React.js;Svelte,,,Git,Kubernetes,Atom;PHPStorm;Vim;Visual Studio;Webstorm,,MacOS,Visit Stack Overflow;Google it;Watch help / tutorial videos,Stack Overflow;Stack Exchange,A few times per week,Yes,I have never participated in Q&A on Stack Overflow,"Yes, somewhat",No,35-44 years old,Man,No,Straight / Heterosexual,White or of European descent;Middle Eastern,None of the above,None of the above,Appropriate in length,Easy,30468.0,35 , 44 years
40348,I am a developer by profession,Employed full-time,Jordan,,,"Bachelor’s degree (B.A., B.S., B.Eng., etc.)",18 - 24 years,"Coding Bootcamp;Other online resources (ex: videos, blogs, etc);Online Forum;Online Courses or Certification;Colleague",10,5,"Developer, full-stack",10 to 19 employees,JOD	Jordanian dinar,750.0,Monthly,C#;HTML/CSS;JavaScript,C#,Microsoft SQL Server,,,,ASP.NET;jQuery,Angular;Angular.js;ASP.NET Core ,.NET Framework,.NET Core / .NET 5,Git,,Android Studio;Visual Studio,,Windows,Call a coworker or friend;Visit Stack Overflow;Google it;Watch help / tutorial videos;Do other work and come back later,Stack Overflow,A few times per month or weekly,Yes,Less than once per month or monthly,Neutral,No,25-34 years old,Man,No,Straight / Heterosexual,Middle Eastern,None of the above,None of the above,Appropriate in length,Neither easy nor difficult,12696.0,18 , 24 years
40431,I code primarily as a hobby,"Student, full-time",Jordan,,,Primary/elementary school,5 - 10 years,Coding Bootcamp;Friend or family member;Online Courses or Certification;Books / Physical media,3,,,,,,,HTML/CSS;JavaScript;Node.js;PHP;Python;SQL,C++;HTML/CSS;Java;JavaScript;Node.js;Python;SQL;Swift;TypeScript,MongoDB;MySQL,MongoDB;MySQL,Heroku,AWS;Google Cloud Platform;Heroku;Microsoft Azure,Express;jQuery;Laravel;React.js,Angular;Angular.js;Django;Express;React.js,,,Git,Git,Atom;Notepad++;Sublime Text;Visual Studio Code,Visual Studio Code,Windows,Visit Stack Overflow;Google it;Watch help / tutorial videos;Do other work and come back later,Stack Overflow;Stack Exchange,Daily or almost daily,Yes,Less than once per month or monthly,"Yes, somewhat",No,Under 18 years old,Man,No,Straight / Heterosexual,Middle Eastern,None of the above,None of the above,Appropriate in length,Easy,,5 , 10 years
40869,I am a developer by profession,"Not employed, but looking for work",Jordan,,,"Master’s degree (M.A., M.S., M.Eng., MBA, etc.)",11 - 17 years,Online Courses or Certification;Books / Physical media,8,,"Developer, front-end;Developer, full-stack;Developer, back-end",,,,,C;C++;HTML/CSS;Java;JavaScript;Matlab;Node.js;Python;R,C++;Go;HTML/CSS;JavaScript;Node.js,MongoDB;MySQL,DynamoDB;MariaDB;MongoDB;MySQL;PostgreSQL;Redis,DigitalOcean;Heroku,AWS;Heroku,Express;React.js,Express;React.js,Qt,React Native,Docker;Git;Kubernetes;Unity 3D;Unreal Engine;Yarn,Docker;Git;Yarn,Android Studio;Atom;Eclipse;Emacs;IntelliJ;Notepad++;RStudio;Vim;Visual Studio;Visual Studio Code,Vim;Visual Studio Code,Linux-based,Visit Stack Overflow;Google it;Do other work and come back later,Stack Overflow;Stack Exchange,Daily or almost daily,Yes,Less than once per month or monthly,Neutral,No,25-34 years old,Man,No,Straight / Heterosexual,Middle Eastern,None of the above,None of the above,Appropriate in length,Easy,,11 , 17 years
45582,I am a developer by profession,"Independent contractor, freelancer, or self-employed",Jordan,,,"Bachelor’s degree (B.A., B.S., B.Eng., etc.)",25 - 34 years,"Other online resources (ex: videos, blogs, etc);Online Forum;Books / Physical media",11,9,"Developer, desktop or enterprise applications;Developer, full-stack;Developer, back-end",10 to 19 employees,JOD	Jordanian dinar,5500.0,Monthly,Java;TypeScript,Dart;Java;TypeScript,Elasticsearch;MongoDB;MySQL;Oracle;PostgreSQL;Redis,Elasticsearch;MongoDB;PostgreSQL;Redis,AWS,AWS;Microsoft Azure,React.js;Spring,React.js;Spring,,,Docker;Git;Kubernetes;Yarn,Ansible;Docker;Git;Kubernetes;Terraform;Yarn,Eclipse;IntelliJ;NetBeans;Sublime Text;Vim;Visual Studio Code,Eclipse;IntelliJ;Sublime Text;Vim;Visual Studio Code,Windows,Google it,Stack Overflow;Stack Exchange,Daily or almost daily,Yes,Less than once per month or monthly,Not sure,No,25-34 years old,Man,No,Straight / Heterosexual,Middle Eastern,None of the above,None of the above,Appropriate in length,Easy,93084.0,25 , 34 years
46505,I am a developer by profession,I prefer not to say,Jordan,,,"Bachelor’s degree (B.A., B.S., B.Eng., etc.)",11 - 17 years,"Coding Bootcamp;Other online resources (ex: videos, blogs, etc);School;Online Forum;Friend or family member;Online Courses or Certification;Colleague;Books / Physical media",8,4,,I don’t know,JOD	Jordanian dinar,,Monthly,C++;Java;Kotlin,Dart;Java;Kotlin,Firebase,Firebase,,,,,,,Git;Unity 3D,Flow;Git;Unity 3D,Android Studio;Xcode,Android Studio;Xcode,MacOS,Visit Stack Overflow;Go for a walk or other physical activity;Google it;Do other work and come back later,Stack Overflow;Stack Exchange;Stack Overflow for Teams (private knowledge sharing & collaboration platform for companies),Multiple times per day,Yes,A few times per month or weekly,"Yes, definitely",Yes,25-34 years old,Woman,No,,,,,,,,11 , 17 years
48096,I am a developer by profession,Employed full-time,Jordan,,,"Master’s degree (M.A., M.S., M.Eng., MBA, etc.)",18 - 24 years,"Other online resources (ex: videos, blogs, etc);Online Courses or Certification",8,5,"Developer, full-stack;Developer, back-end",20 to 99 employees,JOD	Jordanian dinar,22200.0,Yearly,JavaScript;Python,Rust,MySQL;PostgreSQL;Redis;SQLite,Cassandra;Elasticsearch;Firebase;Redis,AWS,DigitalOcean;Heroku,Django;Flask;React.js;Vue.js,Django;React.js;Spring,,,Docker;Git,Ansible;Docker;Git;Kubernetes;Terraform,PyCharm;Visual Studio Code,IntelliJ;PyCharm;Visual Studio Code,MacOS,Visit Stack Overflow;Go for a walk or other physical activity;Google it;Watch help / tutorial videos,Stack Overflow;Stack Exchange,A few times per week,Yes,A few times per week,"Yes, definitely",No,25-34 years old,Man,No,Straight / Heterosexual,Middle Eastern,None of the above,None of the above,Appropriate in length,Easy,31312.0,18 , 24 years
48287,I am a developer by profession,Employed full-time,Jordan,,,"Bachelor’s degree (B.A., B.S., B.Eng., etc.)",25 - 34 years,Coding Bootcamp;Online Courses or Certification;Books / Physical media,13,9,"Developer, mobile",20 to 99 employees,JOD	Jordanian dinar,0.0,Yearly,Java;Kotlin;PHP,Java;Kotlin;PHP;Python,MariaDB;MySQL,MariaDB;MySQL,DigitalOcean;Google Cloud Platform,Google Cloud Platform,Laravel;Spring,,,,Git,Git,Android Studio;Notepad++;PHPStorm;Sublime Text;Visual Studio Code;Webstorm,Android Studio;Notepad++;PHPStorm;Webstorm,Windows,Visit Stack Overflow;Google it;Watch help / tutorial videos,Stack Overflow;Stack Exchange,Daily or almost daily,Yes,Less than once per month or monthly,"Yes, somewhat",No,35-44 years old,Man,No,Prefer not to say,I don't know,I am deaf / hard of hearing,None of the above,Appropriate in length,Neither easy nor difficult,,25 , 34 years
48411,I am a developer by profession,"Independent contractor, freelancer, or self-employed",Jordan,,,"Bachelor’s degree (B.A., B.S., B.Eng., etc.)",18 - 24 years,"Other online resources (ex: videos, blogs, etc);Online Forum;Online Courses or Certification",12,5,"Developer, mobile","Just me - I am a freelancer, sole proprietor, etc.",USD	United States dollar,,,Java;JavaScript;Swift;TypeScript,Java;JavaScript;Kotlin;PHP;Swift;TypeScript,Firebase;SQLite,Firebase;MySQL;SQLite,Google Cloud Platform,AWS;Google Cloud Platform,jQuery,jQuery;Laravel,React Native,React Native,Git,Git,Android Studio;Visual Studio Code,Android Studio;Visual Studio Code,MacOS,Visit Stack Overflow;Google it;Watch help / tutorial videos;Do other work and come back later,Stack Overflow,Multiple times per day,Yes,Multiple times per day,"Yes, definitely",No,25-34 years old,Woman,No,Prefer not to say,Middle Eastern,None of the above,Prefer not to say,Appropriate in length,Easy,,18 , 24 years
48687,I code primarily as a hobby,"Not employed, and not looking for work",Jordan,,,"Secondary school (e.g. American high school, German Realschule or Gymnasium, etc.)",11 - 17 years,"Other online resources (ex: videos, blogs, etc);Online Courses or Certification",5,,,,,,,C#;Java;JavaScript;TypeScript,C#;C++;Java;JavaScript;Ruby;TypeScript,MongoDB;MySQL,MongoDB;MySQL,,,Angular;Angular.js,Angular;Angular.js,,,Unity 3D,Unity 3D,Eclipse;IntelliJ;Visual Studio;Visual Studio Code,IntelliJ;Visual Studio,Windows,Visit Stack Overflow;Google it;Watch help / tutorial videos;Panic,Stack Overflow;Stack Exchange,A few times per week,Yes,A few times per week,Neutral,No,Under 18 years old,Man,No,Straight / Heterosexual,Middle Eastern,None of the above,None of the above,Appropriate in length,Neither easy nor difficult,,11 , 17 years
51745,I am a student who is learning to code,"Student, full-time",Jordan,,,Primary/elementary school,11 - 17 years,"Other online resources (ex: videos, blogs, etc);School",3,,,,,,,C;C++;HTML/CSS;JavaScript;PHP;Python;SQL,C;Python,MySQL,,AWS,,jQuery,,NumPy;Pandas;TensorFlow;Torch/PyTorch,NumPy;Pandas;TensorFlow;Torch/PyTorch,Docker;Git,Docker;Git,IPython/Jupyter;PyCharm;Sublime Text;Visual Studio,IPython/Jupyter;PyCharm;Sublime Text,Windows,Google it,Stack Overflow;Stack Exchange,A few times per week,Yes,Less than once per month or monthly,Neutral,No,18-24 years old,Man,No,Straight / Heterosexual,Middle Eastern,None of the above,None of the above,Appropriate in length,Neither easy nor difficult,,11 , 17 years
52448,I am a developer by profession,Employed full-time,Jordan,,,"Bachelor’s degree (B.A., B.S., B.Eng., etc.)",18 - 24 years,Online Courses or Certification;Other (please specify):;Books / Physical media,19,15,"Developer, full-stack;Other (please specify):;Developer, back-end",20 to 99 employees,JOD	Jordanian dinar,3750.0,Monthly,C#;HTML/CSS;JavaScript;PowerShell;SQL;TypeScript,C#;HTML/CSS;JavaScript;PowerShell;SQL;TypeScript,Elasticsearch;Redis,Elasticsearch;Redis,Microsoft Azure,Microsoft Azure,Angular;ASP.NET;ASP.NET Core ;jQuery,Angular;ASP.NET Core ,.NET Framework;.NET Core / .NET 5,.NET Core / .NET 5,Docker,Docker;Kubernetes;Xamarin,Visual Studio;Visual Studio Code,Visual Studio;Visual Studio Code,Windows,Google it,Stack Overflow;Stack Exchange,Multiple times per day,Yes,A few times per month or weekly,"Yes, definitely",Yes,35-44 years old,Man,No,Straight / Heterosexual,Middle Eastern,None of the above,None of the above,Appropriate in length,Easy,63468.0,18 , 24 years
52687,None of these,"Not employed, but looking for work",Jordan,,,"Master’s degree (M.A., M.S., M.Eng., MBA, etc.)",25 - 34 years,"Other online resources (ex: videos, blogs, etc)",Less than 1 year,,Designer,,,,,Python,Python,,,,,,,,,Unity 3D;Unreal Engine,Unity 3D;Unreal Engine,IPython/Jupyter,,Windows,Go for a walk or other physical activity;Google it;Watch help / tutorial videos;Meditate;Panic,I have never visited Stack Overflow or the Stack Exchange network,,,,,No,25-34 years old,Woman,No,Straight / Heterosexual,Middle Eastern,None of the above,"I have a mood or emotional disorder (e.g. depression, bipolar disorder)",Too long,Easy,,25 , 34 years
53753,I am a developer by profession,Employed full-time,Jordan,,,"Bachelor’s degree (B.A., B.S., B.Eng., etc.)",11 - 17 years,"Other online resources (ex: videos, blogs, etc);School;Online Forum;Online Courses or Certification",15,10,Data scientist or machine learning specialist;Database administrator;Data or business analyst,500 to 999 employees,JOD	Jordanian dinar,2800.0,Monthly,Bash/Shell;Python;SQL,Bash/Shell;Python;R;SQL,Microsoft SQL Server;Oracle,,,,Django;Flask,,Flutter;Keras;NumPy;TensorFlow,,Docker;Kubernetes,,Android Studio;Atom;IPython/Jupyter;Notepad++;RStudio;Vim,Atom;IPython/Jupyter;RStudio;Vim,MacOS,Call a coworker or friend;Visit Stack Overflow;Go for a walk or other physical activity;Google it;Do other work and come back later;Meditate;Play games;Other (please specify):,Stack Overflow;Stack Exchange,Daily or almost daily,Yes,Less than once per month or monthly,"Yes, somewhat",No,35-44 years old,Man,No,Straight / Heterosexual;Queer,Middle Eastern,None of the above,None of the above,Too long,Easy,47388.0,11 , 17 years
56263,I am a student who is learning to code,"Student, full-time",Jordan,,,"Secondary school (e.g. American high school, German Realschule or Gymnasium, etc.)",18 - 24 years,"Other online resources (ex: videos, blogs, etc);Online Courses or Certification;Other (please specify):;Books / Physical media",3,,,,,,,C;C#;C++;Dart;HTML/CSS;Java;JavaScript;SQL,Assembly;Bash/Shell;C;C#;C++;Dart;Go;HTML/CSS;Java;JavaScript;Kotlin;PHP;Python;R;Scala;SQL;TypeScript,Oracle,Firebase;IBM DB2;Microsoft SQL Server;MySQL;Oracle;PostgreSQL;SQLite,,,,,Flutter,.NET Framework;.NET Core / .NET 5;Flutter;NumPy;Torch/PyTorch,Git;Unity 3D,Docker;Git;Kubernetes;Unity 3D;Unreal Engine,Android Studio;Atom;Eclipse;Emacs;IntelliJ;NetBeans;Notepad++;Sublime Text;Visual Studio;Visual Studio Code,Android Studio;Atom;Eclipse;Emacs;IntelliJ;Neovim;RStudio;Sublime Text;Vim;Visual Studio Code,Other (please specify):,Visit Stack Overflow;Go for a walk or other physical activity;Google it;Watch help / tutorial videos;Do other work and come back later,Stack Overflow;Stack Exchange,A few times per month or weekly,Yes,Less than once per month or monthly,"Yes, somewhat",Yes,18-24 years old,Man,No,Straight / Heterosexual,Middle Eastern,,None of the above,Appropriate in length,Easy,,18 , 24 years
57311,I am a student who is learning to code,"Not employed, but looking for work",Jordan,,,"Bachelor’s degree (B.A., B.S., B.Eng., etc.)",18 - 24 years,"Coding Bootcamp;Other online resources (ex: videos, blogs, etc);School;Online Forum;Friend or family member;Online Courses or Certification;Colleague;Books / Physical media",4,,"Developer, back-end;Student",,,,,C++;HTML/CSS;Java,Java,MongoDB,,Microsoft Azure,,Angular,,,,Git;Unity 3D,Chef;Docker;Git,Android Studio;IntelliJ;NetBeans;Notepad++;PHPStorm;PyCharm;Rider;Visual Studio;Visual Studio Code;Webstorm,IntelliJ,Linux-based,Call a coworker or friend;Visit Stack Overflow;Go for a walk or other physical activity;Watch help / tutorial videos;Meditate;Panic;Visit another developer community (please name):;Other (please specify):,Stack Overflow;Stack Exchange,Multiple times per day,Yes,I have never participated in Q&A on Stack Overflow,Neutral,No,18-24 years old,Woman,,,East Asian,None of the above,,Appropriate in length,Neither easy nor difficult,,18 , 24 years
59331,I code primarily as a hobby,Retired,Jordan,,,"Other doctoral degree (Ph.D., Ed.D., etc.)",18 - 24 years,Online Forum;Other (please specify):,3,,,,,,,C++,C++,Redis,,AWS,,Laravel,,React Native,,Unity 3D,,Rider,,Windows,Visit Stack Overflow;Google it,Stack Overflow,A few times per week,Yes,A few times per week,"Yes, definitely",Yes,18-24 years old,Woman,Yes,Queer,Biracial,I am deaf / hard of hearing,Prefer not to say,Too short,Easy,,18 , 24 years
61381,I am a student who is learning to code,"Student, full-time",Jordan,,,"Secondary school (e.g. American high school, German Realschule or Gymnasium, etc.)",18 - 24 years,School;Books / Physical media,2,,,,,,,Go,Go;Rust,MySQL,MySQL,DigitalOcean,DigitalOcean,Vue.js,Vue.js,Qt,Flutter;Qt,Docker;Git,Git;Unreal Engine,IntelliJ;Vim;Visual Studio Code,Vim;Visual Studio Code,Linux-based,Visit Stack Overflow;Go for a walk or other physical activity;Google it,Stack Overflow;Stack Exchange,A few times per week,Yes,Less than once per month or monthly,Neutral,Yes,18-24 years old,Man,No,Straight / Heterosexual,Middle Eastern,None of the above,None of the above,Appropriate in length,Easy,,18 , 24 years
61468,I code primarily as a hobby,Employed full-time,Jordan,,,"Secondary school (e.g. American high school, German Realschule or Gymnasium, etc.)",25 - 34 years,"Coding Bootcamp;Other online resources (ex: videos, blogs, etc);Online Forum;Online Courses or Certification",3,,Other (please specify):,,,,,C#;C++;LISP;VBA,C#;LISP;VBA,,,Google Cloud Platform,Google Cloud Platform,,,.NET Framework,.NET Framework;.NET Core / .NET 5,,,Visual Studio;Visual Studio Code,Visual Studio;Visual Studio Code,Windows,Visit Stack Overflow;Go for a walk or other physical activity;Google it;Watch help / tutorial videos;Do other work and come back later;Visit another developer community (please name):,Stack Overflow,Multiple times per day,Yes,A few times per month or weekly,Neutral,No,35-44 years old,Man,No,Straight / Heterosexual,Middle Eastern,None of the above,None of the above,Appropriate in length,Easy,,25 , 34 years
61571,I am a developer by profession,Employed full-time,Jordan,,,"Bachelor’s degree (B.A., B.S., B.Eng., etc.)",11 - 17 years,"Other online resources (ex: videos, blogs, etc);School;Online Forum;Books / Physical media",15,12,"Developer, mobile;Developer, full-stack;Developer, back-end;Engineering manager;Product manager;Senior Executive (C-Suite, VP, etc.)",10 to 19 employees,SAR	Saudi Arabian riyal,30000.0,Monthly,C#;HTML/CSS;JavaScript;Objective-C;SQL,C#;Dart;HTML/CSS;JavaScript;Objective-C;SQL;Swift;TypeScript,MySQL;SQLite,Cassandra;DynamoDB;Elasticsearch;MySQL;Redis;SQLite,AWS,AWS;Microsoft Azure,ASP.NET,ASP.NET;ASP.NET Core ;React.js,.NET Framework;Cordova;React Native,.NET Framework;.NET Core / .NET 5;Apache Spark;Cordova;Flutter;React Native,Git;Xamarin,Docker;Git;Kubernetes;Xamarin,Android Studio;Visual Studio;Visual Studio Code;Xcode,Visual Studio;Visual Studio Code;Xcode,MacOS,Visit Stack Overflow;Google it,Stack Overflow;Stack Exchange;Stack Overflow for Teams (private knowledge sharing & collaboration platform for companies),Daily or almost daily,Yes,A few times per month or weekly,Neutral,No,25-34 years old,Man,No,Straight / Heterosexual,Middle Eastern,None of the above,None of the above,Appropriate in length,Easy,95976.0,11 , 17 years
63123,I am a developer by profession,Employed full-time,Jordan,,,"Bachelor’s degree (B.A., B.S., B.Eng., etc.)",18 - 24 years,School;Online Courses or Certification;Books / Physical media,2,5,"Developer, back-end",20 to 99 employees,JOD	Jordanian dinar,22000.0,Yearly,C#;JavaScript;SQL,C#;JavaScript;SQL,Microsoft SQL Server,Microsoft SQL Server,Microsoft Azure,Microsoft Azure,ASP.NET Core ,ASP.NET Core ,.NET Core / .NET 5,.NET Core / .NET 5,Git,Git,Visual Studio;Visual Studio Code,Visual Studio;Visual Studio Code,Windows,Call a coworker or friend;Visit Stack Overflow;Google it;Watch help / tutorial videos,Stack Overflow,Daily or almost daily,Yes,A few times per week,"Yes, definitely",Yes,25-34 years old,Man,No,Straight / Heterosexual,Middle Eastern,None of the above,None of the above,Appropriate in length,Easy,31030.0,18 , 24 years
65337,I am a student who is learning to code,"Not employed, and not looking for work",Jordan,,,"Bachelor’s degree (B.A., B.S., B.Eng., etc.)",18 - 24 years,"Other online resources (ex: videos, blogs, etc);School;Online Courses or Certification",2,,,,,,,HTML/CSS;Node.js,HTML/CSS;Node.js;PHP;Swift,,,,,ASP.NET Core ,,,,,,Android Studio;NetBeans;Visual Studio Code;Xcode,,MacOS,Visit Stack Overflow;Google it,Stack Overflow,Daily or almost daily,Yes,Less than once per month or monthly,Not sure,No,18-24 years old,Man,No,Straight / Heterosexual,White or of European descent;Middle Eastern,None of the above,None of the above,Too long,Neither easy nor difficult,,18 , 24 years
66366,I am a student who is learning to code,"Not employed, but looking for work",Jordan,,,"Bachelor’s degree (B.A., B.S., B.Eng., etc.)",11 - 17 years,Online Courses or Certification;Colleague,4,,"Developer, front-end",,,,,HTML/CSS;JavaScript;Python,,,,AWS,AWS;Google Cloud Platform,,,,,Git,Flow;Git,PyCharm;RubyMine;Visual Studio Code,Visual Studio Code,MacOS,Visit Stack Overflow;Google it;Watch help / tutorial videos,Stack Overflow,A few times per week,Yes,I have never participated in Q&A on Stack Overflow,"No, not at all",Yes,18-24 years old,Man,No,Straight / Heterosexual,Middle Eastern,None of the above,None of the above,Too long,Easy,,11 , 17 years
67455,I code primarily as a hobby,"Independent contractor, freelancer, or self-employed",Jordan,,,Something else,11 - 17 years,"Other online resources (ex: videos, blogs, etc);Online Forum;Online Courses or Certification",Less than 1 year,,"Developer, mobile;Developer, front-end;Developer, desktop or enterprise applications;Developer, back-end",,,,,Dart;HTML/CSS;Python;SQL,Dart;HTML/CSS;Python;SQL,Firebase;SQLite,Firebase;SQLite,,,Django,Django;React.js,Flutter;NumPy,Flutter;NumPy,,,Visual Studio Code,Visual Studio Code,Windows,Google it,Stack Overflow;Stack Exchange,Multiple times per day,Yes,Less than once per month or monthly,"No, not really",Yes,Under 18 years old,Man,No,,Middle Eastern,,,Appropriate in length,Easy,,11 , 17 years
67567,I am a developer by profession,Employed full-time,Jordan,,,"Bachelor’s degree (B.A., B.S., B.Eng., etc.)",11 - 17 years,School;Online Courses or Certification;Colleague;Books / Physical media,6,2,"Developer, mobile",20 to 99 employees,JOD	Jordanian dinar,450.0,Monthly,Java;Kotlin,Java;Kotlin,Firebase,Firebase;MongoDB;SQLite,Google Cloud Platform,AWS;Google Cloud Platform;Microsoft Azure,,,,,,,Android Studio,Android Studio,Linux-based,Visit Stack Overflow;Google it;Watch help / tutorial videos;Do other work and come back later,Stack Overflow;Stack Exchange,Multiple times per day,No,,"Yes, somewhat",No,18-24 years old,Man,No,Straight / Heterosexual,Middle Eastern,None of the above,None of the above,Appropriate in length,Easy,7620.0,11 , 17 years
70420,I am a developer by profession,Employed full-time,Jordan,,,"Bachelor’s degree (B.A., B.S., B.Eng., etc.)",18 - 24 years,"Coding Bootcamp;Other online resources (ex: videos, blogs, etc);School;Online Forum;Friend or family member;Online Courses or Certification;Colleague;Books / Physical media",3,2,"Developer, mobile;Developer, front-end;Developer, full-stack;Developer, back-end",20 to 99 employees,AED United Arab Emirates dirham,,,Assembly;C#;C++;HTML/CSS;JavaScript;Node.js,C#;HTML/CSS;JavaScript;Node.js;TypeScript,Microsoft SQL Server;MongoDB,Microsoft SQL Server;MongoDB,AWS;Google Cloud Platform;Heroku;Microsoft Azure,AWS;Google Cloud Platform;Microsoft Azure,ASP.NET;Express;React.js,ASP.NET;ASP.NET Core ;Express;React.js,.NET Framework;.NET Core / .NET 5;React Native,.NET Framework;.NET Core / .NET 5;React Native,,,Android Studio;Visual Studio;Visual Studio Code;Webstorm;Xcode,Android Studio;Visual Studio;Visual Studio Code;Webstorm;Xcode,Windows,Call a coworker or friend;Visit Stack Overflow;Google it;Do other work and come back later;Play games,Stack Overflow;Stack Exchange,A few times per week,Yes,I have never participated in Q&A on Stack Overflow,Not sure,No,18-24 years old,Man,No,Straight / Heterosexual,White or of European descent,I am blind / have difficulty seeing,None of the above,Appropriate in length,Easy,,18 , 24 years
71077,"I am not primarily a developer, but I write code sometimes as part of my work",Employed full-time,Jordan,,,"Bachelor’s degree (B.A., B.S., B.Eng., etc.)",11 - 17 years,School;Colleague;Books / Physical media,13,9,Other (please specify):,"10,000 or more employees",JOD	Jordanian dinar,,,C#;HTML/CSS;Java;JavaScript,C#;HTML/CSS;Java;JavaScript;Kotlin;Node.js;Objective-C;Python;Swift;TypeScript,Microsoft SQL Server,Microsoft SQL Server;Redis;SQLite,Microsoft Azure,Microsoft Azure,,,.NET Framework;.NET Core / .NET 5,.NET Framework;.NET Core / .NET 5;Flutter,Git,Docker;Git;Kubernetes,Android Studio;Notepad++;Visual Studio;Visual Studio Code,Android Studio;Notepad++;Visual Studio;Visual Studio Code;Xcode,Windows,Visit Stack Overflow;Go for a walk or other physical activity;Google it;Do other work and come back later,Stack Overflow;Stack Exchange,Daily or almost daily,Yes,Less than once per month or monthly,"Yes, somewhat",No,25-34 years old,Man,No,Straight / Heterosexual,Middle Eastern,None of the above,None of the above,Appropriate in length,Easy,,11 , 17 years
72073,I am a developer by profession,Employed full-time,Jordan,,,"Bachelor’s degree (B.A., B.S., B.Eng., etc.)",18 - 24 years,"Other online resources (ex: videos, blogs, etc);Online Forum;Friend or family member;Online Courses or Certification;Other (please specify):;Colleague;Books / Physical media",16,11,"Developer, mobile;Developer, front-end;Developer, full-stack;Other (please specify):;Developer, back-end;Product manager",20 to 99 employees,JOD	Jordanian dinar,2800.0,Monthly,HTML/CSS;JavaScript;Node.js;PHP;SQL;TypeScript,HTML/CSS;JavaScript;Node.js;PHP;Python;Rust;SQL;Swift;TypeScript,Elasticsearch;MariaDB;MongoDB;MySQL;PostgreSQL;Redis;SQLite,Elasticsearch;MariaDB;MongoDB;MySQL;PostgreSQL;Redis;SQLite,AWS;Google Cloud Platform;Microsoft Azure,AWS;Google Cloud Platform;Microsoft Azure,Gatsby;Laravel;React.js,Gatsby;Laravel;React.js,React Native,React Native,Docker;Git;Yarn,Docker;Git;Kubernetes;Unity 3D;Yarn,Android Studio;IntelliJ;PHPStorm;Sublime Text;Visual Studio Code;Webstorm;Xcode,Android Studio;IntelliJ;PHPStorm;PyCharm;Sublime Text;Visual Studio Code;Webstorm;Xcode,MacOS,Call a coworker or friend;Visit Stack Overflow;Google it;Do other work and come back later;Visit another developer community (please name):,Stack Overflow;Stack Exchange,Daily or almost daily,Yes,Daily or almost daily,"Yes, definitely",Yes,25-34 years old,Man,No,Straight / Heterosexual,Middle Eastern,None of the above,None of the above,Appropriate in length,Easy,47388.0,18 , 24 years
72999,I am a developer by profession,"Independent contractor, freelancer, or self-employed",Jordan,,,"Bachelor’s degree (B.A., B.S., B.Eng., etc.)",45 - 54 years,"Other online resources (ex: videos, blogs, etc);Online Forum;Books / Physical media",10,7,"Developer, full-stack","Just me - I am a freelancer, sole proprietor, etc.",JOD	Jordanian dinar,24000.0,Yearly,C#;C++;F#;JavaScript;Kotlin;Python,C#;C++;F#;JavaScript;Kotlin;Python,Microsoft SQL Server;PostgreSQL;SQLite,Microsoft SQL Server;PostgreSQL;SQLite,Microsoft Azure,Microsoft Azure,ASP.NET;ASP.NET Core ,ASP.NET Core ,.NET Framework;.NET Core / .NET 5,.NET Core / .NET 5,Docker;Git;Unity 3D;Unreal Engine;Xamarin,Docker;Git;Unity 3D;Unreal Engine;Xamarin,Android Studio;Notepad++;Visual Studio;Visual Studio Code,Android Studio;Notepad++;Visual Studio;Visual Studio Code,Windows,Visit Stack Overflow;Google it;Do other work and come back later,Stack Overflow;Stack Exchange,A few times per week,Yes,A few times per month or weekly,"Yes, definitely",Yes,45-54 years old,Man,No,Straight / Heterosexual,Middle Eastern,None of the above,None of the above,Appropriate in length,Easy,33850.0,45 , 54 years
73867,I am a student who is learning to code,I prefer not to say,Jordan,,,Something else,5 - 10 years,"Coding Bootcamp;Other online resources (ex: videos, blogs, etc);Online Forum;Online Courses or Certification",5,,,,,,,C#;Python,C#;HTML/CSS;Python,,,,,,,.NET Core / .NET 5,.NET Core / .NET 5,Git;Unity 3D,Git;Unity 3D,Visual Studio,Visual Studio,Windows,Call a coworker or friend;Visit Stack Overflow;Google it;Watch help / tutorial videos;Do other work and come back later;Play games;Panic,Stack Overflow;Stack Exchange,Multiple times per day,Yes,Less than once per month or monthly,"No, not really",Yes,Prefer not to say,Man,No,,Middle Eastern,,None of the above,Appropriate in length,Easy,,5 , 10 years
75102,"I used to be a developer by profession, but no longer am","Not employed, but looking for work",Jordan,,,"Bachelor’s degree (B.A., B.S., B.Eng., etc.)",18 - 24 years,School;Books / Physical media,25,,"Developer, front-end;Developer, full-stack;Developer, back-end",,,,,Node.js;Python,Kotlin;Scala,PostgreSQL,PostgreSQL,,,Express;Flask,Spring,,,Git,Git,Notepad++;Sublime Text;Visual Studio Code,Android Studio;IntelliJ;Visual Studio Code,Windows,Visit Stack Overflow;Google it;Watch help / tutorial videos,Stack Overflow;Stack Exchange,Multiple times per day,No,,Neutral,No,45-54 years old,Man,No,Straight / Heterosexual,"Or, in your own words:",None of the above,None of the above,Appropriate in length,Easy,,18 , 24 years
75917,I am a developer by profession,Employed full-time,Jordan,,,"Master’s degree (M.A., M.S., M.Eng., MBA, etc.)",11 - 17 years,"Other online resources (ex: videos, blogs, etc);Books / Physical media",15,5,"Developer, desktop or enterprise applications;Data scientist or machine learning specialist;Developer, back-end;Scientist",100 to 499 employees,JOD	Jordanian dinar,21700.0,Yearly,Assembly;C;C#;C++;Java;JavaScript;Kotlin;Python;Ruby;TypeScript,Scala,Elasticsearch;Microsoft SQL Server;Oracle;PostgreSQL;Redis;SQLite,,Google Cloud Platform,AWS,Django;Express;FastAPI;Flask;Ruby on Rails;Spring,Angular,.NET Framework;.NET Core / .NET 5;Keras;NumPy;Pandas;TensorFlow,Torch/PyTorch,Docker;Git;Kubernetes,,Eclipse;IntelliJ;PyCharm;RubyMine;Visual Studio;Visual Studio Code,,Linux-based,Visit Stack Overflow;Google it;Meditate;Visit another developer community (please name):,Stack Overflow;Stack Exchange,A few times per month or weekly,Yes,Less than once per month or monthly,"Yes, somewhat",Yes,25-34 years old,Man,No,Straight / Heterosexual,Middle Eastern,None of the above,I have an anxiety disorder,Appropriate in length,Easy,30606.0,11 , 17 years
75987,I am a student who is learning to code,"Student, full-time",Jordan,,,"Bachelor’s degree (B.A., B.S., B.Eng., etc.)",18 - 24 years,"Other online resources (ex: videos, blogs, etc);Friend or family member;Online Courses or Certification;Colleague;Books / Physical media",1,,,,,,,Java;SQL,C#;C++;Dart;HTML/CSS;JavaScript;Python,MySQL,Microsoft SQL Server,Google Cloud Platform;Microsoft Azure,,ASP.NET Core ,,,,Git,Unity 3D;Unreal Engine,Eclipse;IntelliJ;NetBeans,Notepad++;Visual Studio;Visual Studio Code,Windows,Call a coworker or friend;Visit Stack Overflow;Go for a walk or other physical activity;Google it;Watch help / tutorial videos;Do other work and come back later;Meditate;Play games;Panic,Stack Overflow,A few times per week,Not sure/can't remember,,Neutral,Yes,18-24 years old,Woman,No,,White or of European descent;Middle Eastern,None of the above,None of the above,Too short,Easy,,18 , 24 years
76802,I am a developer by profession,Employed part-time,Jordan,,,"Bachelor’s degree (B.A., B.S., B.Eng., etc.)",18 - 24 years,"Other online resources (ex: videos, blogs, etc);School;Online Courses or Certification",6,Less than 1 year,"Developer, full-stack;Engineer, data;Developer, back-end",2 to 9 employees,JOD	Jordanian dinar,141.0,Monthly,C#;C++;HTML/CSS;Java;JavaScript;SQL,,Microsoft SQL Server;MySQL,,Google Cloud Platform;Microsoft Azure,,ASP.NET;ASP.NET Core ,,.NET Framework;.NET Core / .NET 5,,Unity 3D;Unreal Engine,,Notepad++;Visual Studio;Visual Studio Code;Xcode,,Windows,Visit Stack Overflow;Google it;Watch help / tutorial videos,Stack Overflow,A few times per week,Yes,Less than once per month or monthly,"Yes, somewhat",Yes,18-24 years old,Woman,No,,Middle Eastern,None of the above,I have a concentration and/or memory disorder (e.g. ADHD),Too long,Neither easy nor difficult,2388.0,18 , 24 years
78332,I am a student who is learning to code,"Student, part-time",Jordan,,,"Bachelor’s degree (B.A., B.S., B.Eng., etc.)",11 - 17 years,Coding Bootcamp;School;Online Courses or Certification,5,,,,,,,Assembly;Bash/Shell;C;C#;C++;HTML/CSS;JavaScript;PHP;Python;SQL;TypeScript,,Microsoft SQL Server;MySQL;SQLite,,Google Cloud Platform;Heroku,AWS;DigitalOcean,Flask;jQuery;Laravel;Vue.js,Angular.js;ASP.NET;ASP.NET Core ;React.js,,,Git,,Atom;PHPStorm;PyCharm;Visual Studio;Visual Studio Code,,Windows,Visit Stack Overflow;Go for a walk or other physical activity;Watch help / tutorial videos;Play games,Stack Overflow,Multiple times per day,No,,"Yes, definitely",No,18-24 years old,Man,No,Straight / Heterosexual,Middle Eastern,None of the above,None of the above,Appropriate in length,Easy,,11 , 17 years
79385,I am a developer by profession,Employed full-time,Jordan,,,"Bachelor’s degree (B.A., B.S., B.Eng., etc.)",18 - 24 years,Coding Bootcamp;School;Online Courses or Certification;Colleague;Books / Physical media,6,Less than 1 year,"Developer, back-end",20 to 99 employees,JOD	Jordanian dinar,,Monthly,Assembly;C++;HTML/CSS;Java;Matlab;SQL;VBA,Java;SQL,MongoDB;MySQL,MongoDB;MySQL;Oracle,,,Spring,Spring,,,Git,Git;Unity 3D,Atom;Eclipse;IntelliJ;Notepad++;Visual Studio;Visual Studio Code,Eclipse;IntelliJ;Notepad++,Windows,Call a coworker or friend;Visit Stack Overflow;Google it;Watch help / tutorial videos,Stack Overflow,Daily or almost daily,No,,Neutral,No,18-24 years old,Woman,No,Prefer not to say,Middle Eastern,Prefer not to say,Prefer not to say,Appropriate in length,Easy,,18 , 24 years
83026,I am a developer by profession,"Not employed, but looking for work",Jordan,,,Some college/university study without earning a degree,11 - 17 years,Coding Bootcamp;School,4,,"Developer, full-stack",,,,,JavaScript;Ruby,JavaScript;Node.js;Ruby;Rust;TypeScript,MongoDB;PostgreSQL;Redis;SQLite,Elasticsearch,Heroku,DigitalOcean;Google Cloud Platform,Express;React.js,Vue.js,,,Git;Yarn,Docker;Git;Yarn,IntelliJ;RubyMine;Vim;Visual Studio Code,Vim,Windows Subsystem for Linux (WSL),Google it;Watch help / tutorial videos,Stack Overflow;Stack Exchange,Multiple times per day,Yes,Less than once per month or monthly,Neutral,No,25-34 years old,Man,No,Straight / Heterosexual,Middle Eastern,None of the above,"I have a concentration and/or memory disorder (e.g. ADHD);I have a mood or emotional disorder (e.g. depression, bipolar disorder)",Appropriate in length,Easy,,11 , 17 years
83045,I am a developer by profession,Employed full-time,Jordan,,,"Bachelor’s degree (B.A., B.S., B.Eng., etc.)",18 - 24 years,"Coding Bootcamp;Other online resources (ex: videos, blogs, etc);School;Online Forum;Friend or family member;Online Courses or Certification;Colleague;Books / Physical media",9,7,"Developer, front-end;Developer, full-stack;Developer, back-end;Engineering manager",100 to 499 employees,JOD	Jordanian dinar,2000.0,Monthly,Assembly;C;C#;C++;HTML/CSS;JavaScript;Node.js;SQL;TypeScript,,Microsoft SQL Server,MongoDB,AWS;DigitalOcean;Google Cloud Platform;Microsoft Azure,,Angular;Angular.js;ASP.NET;ASP.NET Core ;Express;jQuery;React.js,,.NET Framework;.NET Core / .NET 5,,Xamarin,,Visual Studio;Visual Studio Code,,Windows,Visit Stack Overflow;Google it,Stack Overflow;Stack Exchange,A few times per month or weekly,Yes,Less than once per month or monthly,Neutral,Yes,25-34 years old,Man,No,Straight / Heterosexual,Middle Eastern,None of the above,None of the above,Too long,Easy,33852.0,18 , 24 years
